label,StudentID,Name
1,2111150001,Aysegul Koca
2,2.22221E+12,ABC
3,52531532,aysegul
4,2.22227E+13,tifa
5,25344262,ben
6,2111150001,aysegul
